itkDifferenceImageFilter,itkImageToImageFilter
itkFiniteDifferenceImageFilter,itkInPlaceImageFilter
itkImageRandomConstIteratorWithIndex,itkMersenneTwisterRandomVariateGenerator
itkImageRandomNonRepeatingConstIteratorWithIndex,itkMersenneTwisterRandomVariateGenerator
itkMahalanobisDistanceThresholdImageFunction,itkMahalanobisDistanceMembershipFunction
itkPCAShapeSignedDistanceFunction,itkInterpolateImageFunction
itkPCAShapeSignedDistanceFunction,itkExtrapolateImageFunction
itkPCAShapeSignedDistanceFunction,itkTransform
itkPCAShapeSignedDistanceFunction,itkTranslationTransform
itkPCAShapeSignedDistanceFunction,itkLinearInterpolateImageFunction
itkPCAShapeSignedDistanceFunction,itkNearestNeighborExtrapolateImageFunction
itkSimplexMesh,itkMesh
itkStreamingImageFilter,itkImageToImageFilter
itkImageAndPathToImageFilter,itkImageToImageFilter
itkQuadEdgeMesh,itkMesh
itkAffineGeometryFrame,itkScalableAffineTransform
itkArrowSpatialObject,itkEuler3DTransform
itkBoxSpatialObject,itkAffineTransform
itkCylinderSpatialObject,itkAffineTransform
itkEllipseSpatialObject,itkAffineTransform
itkImageSpatialObject,itkNearestNeighborInterpolateImageFunction
itkImageSpatialObject,itkDefaultConvertPixelTraits
itkMeshSpatialObject,itkMesh
itkMetaArrowConverter,itkArrowSpatialObject
itkMetaBlobConverter,itkBlobSpatialObject
itkMetaBlobConverter,itkSpatialObject
itkMetaContourConverter,itkContourSpatialObject
itkMetaContourConverter,itkSpatialObject
itkMetaDTITubeConverter,itkSpatialObject
itkMetaDTITubeConverter,itkDTITubeSpatialObject
itkMetaEllipseConverter,itkEllipseSpatialObject
itkMetaGaussianConverter,itkGaussianSpatialObject
itkMetaGroupConverter,itkGroupSpatialObject
itkMetaImageConverter,itkImageMaskSpatialObject
itkMetaLandmarkConverter,itkLandmarkSpatialObject
itkMetaLandmarkConverter,itkSpatialObject
itkMetaLineConverter,itkLineSpatialObject
itkMetaLineConverter,itkSpatialObject
itkMetaMeshConverter,itkMeshSpatialObject
itkMetaSceneConverter,itkSceneSpatialObject
itkMetaSurfaceConverter,itkSurfaceSpatialObject
itkMetaSurfaceConverter,itkSpatialObject
itkMetaTubeConverter,itkSpatialObject
itkMetaTubeConverter,itkTubeSpatialObject
itkMetaVesselTubeConverter,itkSpatialObject
itkMetaVesselTubeConverter,itkVesselTubeSpatialObject
itkPlaneSpatialObject,itkAffineTransform
itkEigenAnalysis2DImageFilter,itkImageToImageFilter
itkFEMImageMetricLoad,itkTranslationTransform
itkFEMImageMetricLoad,itkLinearInterpolateImageFunction
itkFEMImageMetricLoad,itkMutualInformationImageToImageMetric
itkFEMImageMetricLoad,itkMattesMutualInformationImageToImageMetric
itkFEMImageMetricLoad,itkMeanSquaresImageToImageMetric
itkFEMImageMetricLoad,itkNormalizedCorrelationImageToImageMetric
itkFEMImageMetricLoad,itkMeanReciprocalSquareDifferenceImageToImageMetric
itkOnePlusOneEvolutionaryOptimizer,itkRandomVariateGeneratorBase
itkSPSAOptimizer,itkMersenneTwisterRandomVariateGenerator
itkImageClassifierFilter,itkImageToImageFilter
itkAnisotropicDiffusionFunction,itkFiniteDifferenceFunction
itkAnisotropicDiffusionImageFilter,itkDenseFiniteDifferenceImageFilter
itkCurvatureFlowFunction,itkFiniteDifferenceFunction
itkCurvatureFlowImageFilter,itkDenseFiniteDifferenceImageFilter
itkAntiAliasBinaryImageFilter,itkSparseFieldLevelSetImageFilter
itkAntiAliasBinaryImageFilter,itkCurvatureFlowFunction
itkContourDirectedMeanDistanceImageFilter,itkImageToImageFilter
itkContourMeanDistanceImageFilter,itkImageToImageFilter
itkDanielssonDistanceMapImageFilter,itkImageToImageFilter
itkDirectedHausdorffDistanceImageFilter,itkImageToImageFilter
itkHausdorffDistanceImageFilter,itkImageToImageFilter
itkSignedDanielssonDistanceMapImageFilter,itkSubtractImageFilter
itkSignedDanielssonDistanceMapImageFilter,itkBinaryBallStructuringElement
itkSignedDanielssonDistanceMapImageFilter,itkBinaryDilateImageFilter
itkSignedDanielssonDistanceMapImageFilter,itkUnaryFunctorImageFilter
itkSignedMaurerDistanceMapImageFilter,itkImageToImageFilter
itkSignedMaurerDistanceMapImageFilter,itkBinaryThresholdImageFilter
itkSignedMaurerDistanceMapImageFilter,itkBinaryBallStructuringElement
itkSignedMaurerDistanceMapImageFilter,itkBinaryErodeImageFilter
itkCannyEdgeDetectionImageFilter,itkDiscreteGaussianImageFilter
itkCannyEdgeDetectionImageFilter,itkMultiplyImageFilter
itkCannyEdgeDetectionImageFilter,itkGradientMagnitudeImageFilter
itkFFTComplexConjugateToRealImageFilter,itkImageToImageFilter
itkFFTRealToComplexConjugateImageFilter,itkImageToImageFilter
itkAbsImageFilter,itkUnaryFunctorImageFilter
itkAbsoluteValueDifferenceImageFilter,itkBinaryFunctorImageFilter
itkAcosImageFilter,itkUnaryFunctorImageFilter
itkAdaptImageFilter,itkUnaryFunctorImageFilter
itkAddImageFilter,itkBinaryFunctorImageFilter
itkAndImageFilter,itkBinaryFunctorImageFilter
itkAsinImageFilter,itkUnaryFunctorImageFilter
itkAtan2ImageFilter,itkBinaryFunctorImageFilter
itkAtanImageFilter,itkUnaryFunctorImageFilter
itkBinaryMagnitudeImageFilter,itkBinaryFunctorImageFilter
itkBoundedReciprocalImageFilter,itkUnaryFunctorImageFilter
itkChangeLabelImageFilter,itkUnaryFunctorImageFilter
itkComplexToImaginaryImageFilter,itkUnaryFunctorImageFilter
itkComplexToModulusImageFilter,itkUnaryFunctorImageFilter
itkComplexToPhaseImageFilter,itkUnaryFunctorImageFilter
itkComplexToRealImageFilter,itkUnaryFunctorImageFilter
itkCompose2DCovariantVectorImageFilter,itkBinaryFunctorImageFilter
itkCompose2DVectorImageFilter,itkBinaryFunctorImageFilter
itkConstrainedValueAdditionImageFilter,itkBinaryFunctorImageFilter
itkConstrainedValueDifferenceImageFilter,itkBinaryFunctorImageFilter
itkCosImageFilter,itkUnaryFunctorImageFilter
itkDivideImageFilter,itkBinaryFunctorImageFilter
itkEdgePotentialImageFilter,itkUnaryFunctorImageFilter
itkExpImageFilter,itkUnaryFunctorImageFilter
itkExpNegativeImageFilter,itkUnaryFunctorImageFilter
itkGradientToMagnitudeImageFilter,itkUnaryFunctorImageFilter
itkIntensityWindowingImageFilter,itkUnaryFunctorImageFilter
itkInvertIntensityImageFilter,itkUnaryFunctorImageFilter
itkJoinImageFilter,itkBinaryFunctorImageFilter
itkLog10ImageFilter,itkUnaryFunctorImageFilter
itkLogImageFilter,itkUnaryFunctorImageFilter
itkMaskImageFilter,itkBinaryFunctorImageFilter
itkMaskNegatedImageFilter,itkBinaryFunctorImageFilter
itkMatrixIndexSelectionImageFilter,itkUnaryFunctorImageFilter
itkMaximumImageFilter,itkBinaryFunctorImageFilter
itkMinimumImageFilter,itkBinaryFunctorImageFilter
itkModulusImageFilter,itkUnaryFunctorImageFilter
itkMultiplyImageFilter,itkBinaryFunctorImageFilter
itkNaryFunctorImageFilter,itkInPlaceImageFilter
itkNotImageFilter,itkUnaryFunctorImageFilter
itkOrImageFilter,itkBinaryFunctorImageFilter
itkRescaleIntensityImageFilter,itkUnaryFunctorImageFilter
itkNormalizeImageFilter,itkStatisticsImageFilter
itkMinimumMaximumImageFilter,itkImageToImageFilter
itkMeanImageFilter,itkBoxImageFilter
itkStatisticsImageFilter,itkImageToImageFilter
itkImageMomentsCalculator,itkAffineTransform
itkImageMomentsCalculator,itkSpatialObject
itkRGBToLuminanceImageFilter,itkUnaryFunctorImageFilter
itkSigmoidImageFilter,itkUnaryFunctorImageFilter
itkSinImageFilter,itkUnaryFunctorImageFilter
itkSqrtImageFilter,itkUnaryFunctorImageFilter
itkSquaredDifferenceImageFilter,itkBinaryFunctorImageFilter
itkSquareImageFilter,itkUnaryFunctorImageFilter
itkSubtractImageFilter,itkBinaryFunctorImageFilter
itkSymmetricEigenAnalysisImageFilter,itkUnaryFunctorImageFilter
itkTanImageFilter,itkUnaryFunctorImageFilter
itkTensorFractionalAnisotropyImageFilter,itkUnaryFunctorImageFilter
itkTensorRelativeAnisotropyImageFilter,itkUnaryFunctorImageFilter
itkTernaryFunctorImageFilter,itkInPlaceImageFilter
itkVectorCastImageFilter,itkUnaryFunctorImageFilter
itkVectorIndexSelectionCastImageFilter,itkUnaryFunctorImageFilter
itkVectorRescaleIntensityImageFilter,itkUnaryFunctorImageFilter
itkWeightedAddImageFilter,itkBinaryFunctorImageFilter
itkXorImageFilter,itkBinaryFunctorImageFilter
itkShiftScaleImageFilter,itkImageToImageFilter
itkHistogramMatchingImageFilter,itkImageToImageFilter
itkHistogramMatchingImageFilter,itkHistogram
itkClosingByReconstructionImageFilter,itkImageToImageFilter
itkGrayscaleMorphologicalClosingImageFilter,itkCastImageFilter
itkGrayscaleMorphologicalClosingImageFilter,itkCropImageFilter
itkGrayscaleMorphologicalClosingImageFilter,itkConstantPadImageFilter
itkGrayscaleMorphologicalOpeningImageFilter,itkCropImageFilter
itkGrayscaleMorphologicalOpeningImageFilter,itkConstantPadImageFilter
itkHConcaveImageFilter,itkImageToImageFilter
itkHConcaveImageFilter,itkSubtractImageFilter
itkHConvexImageFilter,itkImageToImageFilter
itkHConvexImageFilter,itkSubtractImageFilter
itkKernelImageFilter,itkBoxImageFilter
itkMorphologicalGradientImageFilter,itkSubtractImageFilter
itkObjectMorphologyImageFilter,itkImageToImageFilter
itkOpeningByReconstructionImageFilter,itkImageToImageFilter
itkOpeningByReconstructionImageFilter,itkSubtractImageFilter
itkGrayscaleDilateImageFilter,itkCastImageFilter
itkGrayscaleGeodesicDilateImageFilter,itkImageToImageFilter
itkGrayscaleGeodesicErodeImageFilter,itkImageToImageFilter
itkGrayscaleErodeImageFilter,itkCastImageFilter
itkGrayscaleGrindPeakImageFilter,itkImageToImageFilter
itkGrayscaleConnectedClosingImageFilter,itkImageToImageFilter
itkGrayscaleFillholeImageFilter,itkImageToImageFilter
itkGrayscaleConnectedOpeningImageFilter,itkImageToImageFilter
itkBinaryThinningImageFilter,itkImageToImageFilter
itkBinaryPruningImageFilter,itkImageToImageFilter
itkHMinimaImageFilter,itkImageToImageFilter
itkHMinimaImageFilter,itkShiftScaleImageFilter
itkHMinimaImageFilter,itkCastImageFilter
itkReconstructionImageFilter,itkImageToImageFilter
itkWhiteTopHatImageFilter,itkSubtractImageFilter
itkBlackTopHatImageFilter,itkSubtractImageFilter
itkHMaximaImageFilter,itkImageToImageFilter
itkHMaximaImageFilter,itkShiftScaleImageFilter
itkHMaximaImageFilter,itkCastImageFilter
itkQuadEdgeMeshBorderTransform,itkQuadEdgeMesh
itkQuadEdgeMeshBorderTransform,itkQuadEdgeMeshBoundaryEdgesMeshFunction
itkQuadEdgeMeshDelaunayConformingFilter,itkQuadEdgeMeshEulerOperatorFlipEdgeFunction
itkQuadEdgeMeshEdgeMergeDecimationFilter,itkQuadEdgeMeshEulerOperatorJoinVertexFunction
itkQuadEdgeMeshEdgeMergeDecimationFilter,itkQuadEdgeMeshPolygonCell
itkQuadEdgeMeshNormalFilter,itkQuadEdgeMeshPolygonCell
itkQuadEdgeMeshParamMatrixCoefficients,itkQuadEdgeMesh
itkQuadEdgeMeshToQuadEdgeMeshFilter,itkMeshToMeshFilter
itkBSplineResampleImageFilterBase,itkImageToImageFilter
itkResampleImageFilter,itkTransform
itkResampleImageFilter,itkImageToImageFilter
itkResampleImageFilter,itkLinearInterpolateImageFunction
itkResampleImageFilter,itkBSplineInterpolateImageFunction
itkResampleImageFilter,itkIdentityTransform
itkVectorResampleImageFilter,itkTransform
itkVectorResampleImageFilter,itkImageToImageFilter
itkVectorResampleImageFilter,itkVectorInterpolateImageFunction
itkVectorResampleImageFilter,itkIdentityTransform
itkVectorResampleImageFilter,itkVectorLinearInterpolateImageFunction
itkExtractImageFilter,itkImageToImageFilter
itkExtractImageFilterRegionCopier,itkImageToImageFilterDetail
itkFlipImageFilter,itkImageToImageFilter
itkChangeInformationImageFilter,itkImageToImageFilter
itkRayCastInterpolateImageFunction,itkTransform
itkInterpolateImagePointsFilter,itkBSplineInterpolateImageFunction
itkInterpolateImagePointsFilter,itkImageToImageFilter
itkBSplineInterpolateImageFunction,itkBSplineDecompositionImageFilter
itkInterpolateImageFilter,itkImageToImageFilter
itkInterpolateImageFilter,itkLinearInterpolateImageFunction
itkPadImageFilter,itkImageToImageFilter
itkShrinkImageFilter,itkImageToImageFilter
itkTileImageFilter,itkImageToImageFilter
itkRegionOfInterestImageFilter,itkImageToImageFilter
itkPasteImageFilter,itkInPlaceImageFilter
itkWarpVectorImageFilter,itkImageToImageFilter
itkWarpVectorImageFilter,itkVectorLinearInterpolateImageFunction
itkWarpImageFilter,itkImageToImageFilter
itkWarpImageFilter,itkLinearInterpolateImageFunction
itkVectorExpandImageFilter,itkImageToImageFilter
itkVectorExpandImageFilter,itkVectorLinearInterpolateImageFunction
itkExpandImageFilter,itkImageToImageFilter
itkExpandImageFilter,itkLinearInterpolateImageFunction
itkBinaryThresholdImageFilter,itkUnaryFunctorImageFilter
itkBinaryThresholdProjectionImageFilter,itkProjectionImageFilter
itkDoubleThresholdImageFilter,itkImageToImageFilter
itkDoubleThresholdImageFilter,itkReconstructionByDilationImageFilter
itkOtsuMultipleThresholdsCalculator,itkHistogramAlgorithmBase
itkOtsuMultipleThresholdsCalculator,itkHistogram
itkOtsuMultipleThresholdsImageFilter,itkImageToImageFilter
itkOtsuMultipleThresholdsImageFilter,itkScalarImageToHistogramGenerator
itkOtsuThresholdImageFilter,itkImageToImageFilter
itkThresholdImageFilter,itkInPlaceImageFilter
itkThresholdLabelerImageFilter,itkUnaryFunctorImageFilter
itkThresholdMaximumConnectedComponentsImageFilter,itkBinaryThresholdImageFilter
itkThresholdMaximumConnectedComponentsImageFilter,itkCastImageFilter
itkCenteredTransformInitializer,itkImageMomentsCalculator
itkImageRegistrationMethod,itkSingleValuedNonLinearOptimizer
itkMultiResolutionImageRegistrationMethod,itkSingleValuedNonLinearOptimizer
itkPointSetToImageRegistrationMethod,itkSingleValuedNonLinearOptimizer
itkCompareHistogramImageToImageMetric,itkHistogram
itkGradientDifferenceImageToImageMetric,itkNeighborhoodOperatorImageFilter
itkGradientDifferenceImageToImageMetric,itkCastImageFilter
itkGradientDifferenceImageToImageMetric,itkResampleImageFilter
itkHistogramImageToImageMetric,itkHistogram
itkImageToImageMetric,itkSingleValuedCostFunction
itkImageToImageMetric,itkGradientRecursiveGaussianImageFilter
itkImageToImageMetric,itkSpatialObject
itkImageToImageMetric,itkBSplineDeformableTransform
itkImageToImageMetric,itkCentralDifferenceImageFunction
itkImageToImageMetric,itkBSplineInterpolateImageFunction
itkKullbackLeiblerCompareHistogramImageToImageMetric,itkHistogram
itkMattesMutualInformationImageToImageMetric,itkStatisticsImageFilter
itkMutualInformationHistogramImageToImageMetric,itkHistogram
itkNormalizedMutualInformationHistogramImageToImageMetric,itkHistogram
itkGradientImageToBloxBoundaryPointImageFilter,itkImageToImageFilter
itkBloxBoundaryProfileImageToBloxCoreAtomImageFilter,itkImageToImageFilter
itkBloxBoundaryPointImageToBloxBoundaryProfileImageFilter,itkImageToImageFilter
itkBloxBoundaryPointToCoreAtomImageFilter,itkImageToImageFilter
itkBloxBoundaryPointImageToBloxBoundaryProfileImageFilter,itkLevenbergMarquardtOptimizer
itkBloxBoundaryPointImageToBloxBoundaryProfileImageFilter,itkCumulativeGaussianOptimizer
itkCoreAtomImageToUnaryCorrespondenceMatrixProcess,itkImageFileWriter
itkCoreAtomImageToUnaryCorrespondenceMatrixProcess,itkPNGImageIO
itkMedialNodeTripletCorrespondenceProcess,itkPNGImageIO
itkMedialNodeTripletCorrespondenceProcess,itkImageFileWriter
itkMedialNodeTripletCorrespondenceProcess,itkRawImageIO
itkImageIOFactory,itkBioRadImageIOFactory
itkImageIOFactory,itkBMPImageIOFactory
itkImageIOFactory,itkGDCMImageIOFactory
itkImageIOFactory,itkAnalyzeImageIOFactory
itkImageIOFactory,itkNiftiImageIOFactory
itkImageIOFactory,itkGiplImageIOFactory
itkImageIOFactory,itkJPEGImageIOFactory
itkImageIOFactory,itkLSMImageIOFactory
itkImageIOFactory,itkMetaImageIOFactory
itkImageIOFactory,itkPNGImageIOFactory
itkImageIOFactory,itkNrrdImageIOFactory
itkImageIOFactory,itkTIFFImageIOFactory
itkImageIOFactory,itkVTKImageIOFactory
itkImageIOFactory,itkStimulateImageIOFactory
itkSpatialObjectReader,itkMetaSceneConverter
itkSpatialObjectReader,itkGroupSpatialObject
itkSpatialObjectWriter,itkMetaSceneConverter
itkSpatialObjectWriter,itkSpatialObject
itkPolygonGroupSpatialObjectXMLFile,itkIOCommon
itkPolygonGroupSpatialObjectXMLFile,itkPolygonGroupSpatialObject
itkPolygonGroupSpatialObjectXMLFile,itkXMLFile
itkPNGImageIO,itkImageIOBase
itkPNGImageIOFactory,itkImageIOBase
itkMetaImageIO,itkImageIOBase
itkMetaImageIO,itkIOCommon
itkMetaImageIOFactory,itkImageIOBase
itkAnalyzeImageIO,itkImageIOBase
itkAnalyzeImageIOFactory,itkImageIOBase
itkAnalyzeImageIO,itkIOCommon
itkGiplImageIOFactory,itkImageIOBase
itkGiplImageIO,itkImageIOBase
itkVTKImageIO,itkImageIOBase
itkVTKImageIOFactory,itkImageIOBase
itkNrrdImageIO,itkImageIOBase
itkNrrdImageIOFactory,itkImageIOBase
itkNrrdImageIO,itkIOCommon
itkTIFFImageIOFactory,itkImageIOBase
itkTIFFImageIO,itkImageIOBase
itkGEAdwImageIO,itkIPLCommonImageIO
itkGEAdwImageIO,itkGEImageHeader
itkGEAdwImageIOFactory,itkImageIOBase
itkGE4ImageIO,itkIPLCommonImageIO
itkGE4ImageIO,itkGEImageHeader
itkGE4ImageIOFactory,itkImageIOBase
itkGEImageHeader,itkIOCommon
itkGE5ImageIOFactory,itkImageIOBase
itkGE5ImageIO,itkIPLCommonImageIO
itkGE5ImageIO,itkGEImageHeader
itkGDCMImageIO,itkImageIOBase
itkGDCMImageIOFactory,itkImageIOBase
itkGDCMImageIO,itkIOCommon
itkNiftiImageIO,itkImageIOBase
itkNiftiImageIO,itkIOCommon
itkNiftiImageIOFactory,itkImageIOBase
itkLSMImageIO,itkTIFFImageIO
itkLSMImageIOFactory,itkImageIOBase
itkBMPImageIO,itkImageIOBase
itkBMPImageIOFactory,itkImageIOBase
itkStimulateImageIOFactory,itkImageIOBase
itkStimulateImageIO,itkImageIOBase
itkBioRadImageIOFactory,itkImageIOBase
itkBioRadImageIO,itkImageIOBase
itkJPEGImageIOFactory,itkImageIOBase
itkJPEGImageIO,itkImageIOBase
itkIPLCommonImageIO,itkImageIOBase
itkRawImageIO,itkImageIOBase
itkSiemensVisionImageIOFactory,itkImageIOBase
itkSiemensVisionImageIO,itkIPLCommonImageIO
itkSiemensVisionImageIO,itkGEImageHeader
itkVTKPolyDataReader,itkMesh
itkVTKPolyDataReader,itkMeshSource
itkQuadEdgeMeshScalarDataVTKPolyDataWriter,itkVTKPolyDataWriter
itkVTKPolyDataWriter,itkMesh
itkWeightSetBase,itkMersenneTwisterRandomVariateGenerator
itkRBFLayer,itkEuclideanDistanceMetric
itkFEMRegistrationFilter,itkFEMLinearSystemWrapperItpack
itkFEMRegistrationFilter,itkFEMLinearSystemWrapperDenseVNL
itkFEMRegistrationFilter,itkFEMGenerateMesh
itkFEMRegistrationFilter,itkFEMSolverCrankNicolson
itkFEMRegistrationFilter,itkFEMMaterialLinearElasticity
itkFEMRegistrationFilter,itkFEMImageMetricLoad
itkFEMRegistrationFilter,itkVectorCastImageFilter
itkFEMRegistrationFilter,itkVectorIndexSelectionCastImageFilter
itkFEMRegistrationFilter,itkWarpImageFilter
itkFEMRegistrationFilter,itkImageToImageMetric
itkFEMRegistrationFilter,itkVectorExpandImageFilter
itkFEMRegistrationFilter,itkRecursiveMultiResolutionPyramidImageFilter
itkFEMRegistrationFilter,itkFEMLoadLandmark
itkFEMRegistrationFilter,itkFEMElements
itkFEMRegistrationFilter,itkFEMLoadBC
itkFEMRegistrationFilter,itkImageFileWriter
itkFEMRegistrationFilter,itkImageFileReader
itkFEMRegistrationFilter,itkCastImageFilter
itkFEMRegistrationFilter,itkDiscreteGaussianImageFilter
itkFEMRegistrationFilter,itkDerivativeImageFilter
itkFEMRegistrationFilter,itkVectorNeighborhoodOperatorImageFilter
itkFEMRegistrationFilter,itkNearestNeighborInterpolateImageFunction
itkFEMRegistrationFilter,itkBSplineInterpolateImageFunction
itkFEMRegistrationFilter,itkLinearInterpolateImageFunction
itkFEMRegistrationFilter,itkMinimumMaximumImageFilter
itkFEMRegistrationFilter,itkShiftScaleImageFilter
itkFEMFiniteDifferenceFunctionLoad,itkFEMLoadElementBase
itkFEMFiniteDifferenceFunctionLoad,itkTranslationTransform
itkFEMFiniteDifferenceFunctionLoad,itkDemonsRegistrationFunction
itkMIRegistrationFunction,itkPDEDeformableRegistrationFunction
itkMIRegistrationFunction,itkLinearInterpolateImageFunction
itkMIRegistrationFunction,itkCentralDifferenceImageFunction
itkMeanSquareRegistrationFunction,itkPDEDeformableRegistrationFunction
itkMeanSquareRegistrationFunction,itkLinearInterpolateImageFunction
itkMeanSquareRegistrationFunction,itkCentralDifferenceImageFunction
itkNCCRegistrationFunction,itkPDEDeformableRegistrationFunction
itkNCCRegistrationFunction,itkLinearInterpolateImageFunction
itkNCCRegistrationFunction,itkCentralDifferenceImageFunction
itkMRIBiasFieldCorrectionFilter,itkImageToImageFilter
itkMRIBiasFieldCorrectionFilter,itkMultivariateLegendrePolynomial
itkMRIBiasFieldCorrectionFilter,itkNormalVariateGenerator
itkMRIBiasFieldCorrectionFilter,itkOnePlusOneEvolutionaryOptimizer
itkBioCellularAggregate,itkMesh
itkGradientMagnitudeImageFilter,itkImageToImageFilter
itkVectorGradientMagnitudeImageFilter,itkImageToImageFilter
itkGradientMagnitudeRecursiveGaussianImageFilter,itkBinaryFunctorImageFilter
itkDifferenceOfGaussiansGradientImageFilter,itkImageToImageFilter
itkGradientImageFilter,itkImageToImageFilter
itkDerivativeImageFilter,itkNeighborhoodOperatorImageFilter
itkDerivativeImageFilter,itkImageToImageFilter
itkLevelSetFunction,itkFiniteDifferenceFunction
itkSegmentationLevelSetFunction,itkLinearInterpolateImageFunction
itkSegmentationLevelSetFunction,itkVectorLinearInterpolateImageFunction
itkSegmentationLevelSetFunction,itkVectorCastImageFilter
itkCurvesLevelSetFunction,itkGradientRecursiveGaussianImageFilter
itkCurvesLevelSetFunction,itkGradientImageFilter
itkCurvesLevelSetFunction,itkVectorCastImageFilter
itkThresholdSegmentationLevelSetFunction,itkGradientAnisotropicDiffusionImageFilter
itkThresholdSegmentationLevelSetFunction,itkLaplacianImageFilter
itkThresholdSegmentationLevelSetFunction,itkImageFileWriter
itkGeodesicActiveContourLevelSetFunction,itkGradientRecursiveGaussianImageFilter
itkGeodesicActiveContourLevelSetFunction,itkGradientImageFilter
itkGeodesicActiveContourLevelSetFunction,itkVectorCastImageFilter
itkCannySegmentationLevelSetFunction,itkCastImageFilter
itkCannySegmentationLevelSetFunction,itkCannyEdgeDetectionImageFilter
itkCannySegmentationLevelSetFunction,itkDanielssonDistanceMapImageFilter
itkCannySegmentationLevelSetFunction,itkGradientImageFilter
itkCannySegmentationLevelSetFunction,itkMultiplyImageFilter
itkLevelSetMotionRegistrationFunction,itkPDEDeformableRegistrationFunction
itkLevelSetMotionRegistrationFunction,itkLinearInterpolateImageFunction
itkLevelSetMotionRegistrationFunction,itkSmoothingRecursiveGaussianImageFilter
itkGeodesicActiveContourShapePriorLevelSetFunction,itkGradientRecursiveGaussianImageFilter
itkShapePriorSegmentationLevelSetImageFilter,itkSingleValuedNonLinearOptimizer
itkVectorThresholdSegmentationLevelSetFunction,itkMahalanobisDistanceMembershipFunction
itkVectorThresholdSegmentationLevelSetFunction,itkGradientAnisotropicDiffusionImageFilter
itkVectorThresholdSegmentationLevelSetFunction,itkLaplacianImageFilter
itkVectorThresholdSegmentationLevelSetFunction,itkImageFileWriter
itkLaplacianSegmentationLevelSetFunction,itkLaplacianImageFilter
itkLaplacianSegmentationLevelSetFunction,itkCastImageFilter
itkNarrowBandLevelSetImageFilter,itkNarrowBandImageFilterBase
itkNarrowBandLevelSetImageFilter,itkFastChamferDistanceImageFilter
itkNarrowBandLevelSetImageFilter,itkIsoContourDistanceImageFilter
itkShapePriorSegmentationLevelSetFunction,itkShapeSignedDistanceFunction
itkSparseFieldLevelSetImageFilter,itkZeroCrossingImageFilter
itkSparseFieldLevelSetImageFilter,itkShiftScaleImageFilter
itkSparseFieldLevelSetImageFilter,itkFiniteDifferenceImageFilter
itkParallelSparseFieldLevelSetImageFilter,itkFiniteDifferenceImageFilter
itkParallelSparseFieldLevelSetImageFilter,itkZeroCrossingImageFilter
itkParallelSparseFieldLevelSetImageFilter,itkShiftScaleImageFilter
itkFastMarchingImageFilter,itkImageToImageFilter
itkCollidingFrontsImageFilter,itkImageToImageFilter
itkCollidingFrontsImageFilter,itkMultiplyImageFilter
itkCollidingFrontsImageFilter,itkBinaryThresholdImageFunction
itkIsolatedWatershedImageFilter,itkGradientMagnitudeImageFilter
itkWatershedImageFilter,itkImageToImageFilter
itkOrientImageFilter,itkIOCommon
itkOrientImageFilter,itkAnalyzeImageIO
itkOrientImageFilter,itkIOCommon
itkOrientImageFilter,itkAnalyzeImageIO
itkOrientImageFilter,itkCastImageFilter
itkRegionGrowImageFilter,itkImageToImageFilter
itkVoronoiDiagram2DGenerator,itkMeshSource
itkVoronoiDiagram2D,itkMesh
itkVoronoiSegmentationImageFilterBase,itkImageToImageFilter
itkConnectedComponentImageFilter,itkImageToImageFilter
itkConnectedComponentImageFilter,itkMaskImageFilter
itkHardConnectedComponentImageFilter,itkImageToImageFilter
itkDeformableSimplexMesh3DBalloonForceFilter,itkMesh
itkDeformableSimplexMesh3DFilter,itkMeshToMeshFilter
itkDeformableSimplexMesh3DFilter,itkVectorGradientMagnitudeImageFilter
itkDeformableSimplexMesh3DFilter,itkBinaryThresholdImageFilter
itkDeformableSimplexMesh3DGradientConstraintForceFilter,itkMesh
itkVotingBinaryImageFilter,itkImageToImageFilter
itkLabelVotingImageFilter,itkImageToImageFilter
itkDemonsRegistrationFunction,itkPDEDeformableRegistrationFunction
itkDemonsRegistrationFunction,itkLinearInterpolateImageFunction
itkDemonsRegistrationFunction,itkCentralDifferenceImageFunction
itkFastSymmetricForcesDemonsRegistrationFunction,itkPDEDeformableRegistrationFunction
itkFastSymmetricForcesDemonsRegistrationFunction,itkInterpolateImageFunction
itkFastSymmetricForcesDemonsRegistrationFunction,itkCentralDifferenceImageFunction
itkFastSymmetricForcesDemonsRegistrationFunction,itkWarpImageFilter
itkMultiResolutionPDEDeformableRegistration,itkMultiResolutionPyramidImageFilter
itkMultiResolutionPDEDeformableRegistration,itkVectorResampleImageFilter
itkMultiResolutionPDEDeformableRegistration,itkRecursiveGaussianImageFilter
itkMultiResolutionPDEDeformableRegistration,itkRecursiveMultiResolutionPyramidImageFilter
itkPDEDeformableRegistrationFilter,itkDenseFiniteDifferenceImageFilter
itkPDEDeformableRegistrationFilter,itkPDEDeformableRegistrationFunction
itkPDEDeformableRegistrationFilter,itkVectorNeighborhoodOperatorImageFilter
itkSymmetricForcesDemonsRegistrationFunction,itkPDEDeformableRegistrationFunction
itkSymmetricForcesDemonsRegistrationFunction,itkLinearInterpolateImageFunction
itkSymmetricForcesDemonsRegistrationFunction,itkCentralDifferenceImageFunction
itkCurvatureRegistrationFilter,itkMeanSquareRegistrationFunction
itkSobelEdgeDetectionImageFilter,itkImageToImageFilter
itkSobelEdgeDetectionImageFilter,itkNeighborhoodOperatorImageFilter
itkSobelEdgeDetectionImageFilter,itkNaryAddImageFilter
itkSobelEdgeDetectionImageFilter,itkMultiplyImageFilter
itkSobelEdgeDetectionImageFilter,itkSqrtImageFilter
itkZeroCrossingBasedEdgeDetectionImageFilter,itkImageToImageFilter
itkZeroCrossingBasedEdgeDetectionImageFilter,itkDiscreteGaussianImageFilter
itkZeroCrossingBasedEdgeDetectionImageFilter,itkLaplacianImageFilter
itkZeroCrossingImageFilter,itkImageToImageFilter
itkConfidenceConnectedImageFilter,itkImageToImageFilter
itkConfidenceConnectedImageFilter,itkMeanImageFunction
itkConfidenceConnectedImageFilter,itkSumOfSquaresImageFunction
itkConfidenceConnectedImageFilter,itkBinaryThresholdImageFunction
itkConnectedThresholdImageFilter,itkImageToImageFilter
itkConnectedThresholdImageFilter,itkBinaryThresholdImageFunction
itkIsolatedConnectedImageFilter,itkImageToImageFilter
itkIsolatedConnectedImageFilter,itkBinaryThresholdImageFunction
itkNeighborhoodConnectedImageFilter,itkImageToImageFilter
itkNeighborhoodConnectedImageFilter,itkNeighborhoodBinaryThresholdImageFunction
itkVectorConfidenceConnectedImageFilter,itkImageToImageFilter
itkVectorConfidenceConnectedImageFilter,itkMahalanobisDistanceThresholdImageFunction
itkVectorConfidenceConnectedImageFilter,itkVectorMeanImageFunction
itkVectorConfidenceConnectedImageFilter,itkCovarianceImageFunction
itkVectorConfidenceConnectedImageFilter,itkBinaryThresholdImageFunction
itkRelabelComponentImageFilter,itkInPlaceImageFilter
itkMultiResolutionPyramidImageFilter,itkImageToImageFilter
itkMultiResolutionPyramidImageFilter,itkCastImageFilter
itkMultiResolutionPyramidImageFilter,itkDiscreteGaussianImageFilter
itkMultiResolutionPyramidImageFilter,itkResampleImageFilter
itkMultiResolutionPyramidImageFilter,itkShrinkImageFilter
itkMultiResolutionPyramidImageFilter,itkIdentityTransform
itkRecursiveMultiResolutionPyramidImageFilter,itkCastImageFilter
itkRecursiveMultiResolutionPyramidImageFilter,itkDiscreteGaussianImageFilter
itkRecursiveMultiResolutionPyramidImageFilter,itkResampleImageFilter
itkRecursiveMultiResolutionPyramidImageFilter,itkShrinkImageFilter
itkRecursiveMultiResolutionPyramidImageFilter,itkIdentityTransform
itkBayesianClassifierImageFilter,itkImageToImageFilter
itkBayesianClassifierImageFilter,itkMaximumDecisionRule
itkBayesianClassifierInitializationImageFilter,itkImageToImageFilter
itkBayesianClassifierInitializationImageFilter,itkMembershipFunctionBase
itkBayesianClassifierInitializationImageFilter,itkGaussianMembershipFunction
itkClassifierBase,itkMembershipFunctionBase
itkClassifierBase,itkDecisionRuleBase
itkMRFImageFilter,itkImageToImageFilter
itkProjectionImageFilter,itkImageToImageFilter
itkSpatialFunctionImageEvaluatorFilter,itkImageFunction
itkSpatialFunctionImageEvaluatorFilter,itkImageToImageFilter
itkInverseDeformationFieldImageFilter,itkImageToImageFilter
itkInverseDeformationFieldImageFilter,itkKernelTransform
itkInverseDeformationFieldImageFilter,itkThinPlateSplineKernelTransform
itkInverseDeformationFieldImageFilter,itkVectorResampleImageFilter
itkDeformationFieldJacobianDeterminantFilter,itkVectorCastImageFilter
itkIterativeInverseDeformationFieldImageFilter,itkWarpVectorImageFilter
itkRecursiveGaussianImageFilter,itkRecursiveSeparableImageFilter
itkAccumulateImageFilter,itkImageToImageFilter
itkAdaptiveHistogramEqualizationImageFilter,itkBoxImageFilter
itkExtractOrthogonalSwath2DImageFilter,itkLinearInterpolateImageFunction
itkBinaryMedianImageFilter,itkImageToImageFilter
itkReconstructionImageFilter,itkConnectedComponentAlgorithm
itkReconstructionImageFilter,itkConstantPadImageFilter
itkReconstructionImageFilter,itkCropImageFilter
itkCheckerBoardImageFilter,itkImageToImageFilter
itkDiscreteGaussianImageFilter,itkImageToImageFilter
itkDiscreteGaussianImageFilter,itkNeighborhoodOperatorImageFilter
itkHoughTransform2DLinesImageFilter,itkImageToImageFilter
itkHoughTransform2DLinesImageFilter,itkLineSpatialObject
itkHoughTransform2DLinesImageFilter,itkDiscreteGaussianImageFilter
itkHoughTransform2DLinesImageFilter,itkCastImageFilter
itkSimpleContourExtractorImageFilter,itkBoxImageFilter
itkBSplineDecompositionImageFilter,itkImageToImageFilter
itkImageToVectorImageFilter,itkImageToImageFilter
itkLabelStatisticsImageFilter,itkImageToImageFilter
itkLabelStatisticsImageFilter,itkHistogram
itkImplicitManifoldNormalVectorFilter,itkFiniteDifferenceSparseImageFilter
itkNormalVectorFunctionBase,itkFiniteDifferenceSparseImageFunction
itkMedianImageFilter,itkBoxImageFilter
itkLaplacianImageFilter,itkImageToImageFilter
itkLaplacianImageFilter,itkNeighborhoodOperatorImageFilter
itkBinaryMaskToNarrowBandPointSetFilter,itkReinitializeLevelSetImageFilter
itkBinaryMaskToNarrowBandPointSetFilter,itkRescaleIntensityImageFilter
itkSpatialObjectToImageStatisticsCalculator,itkListSample
itkSpatialObjectToImageStatisticsCalculator,itkMeanSampleFilter
itkSpatialObjectToImageStatisticsCalculator,itkCovarianceSampleFilter
itkSpatialObjectToPointSetFilter,itkMeshSource
itkDiffusionTensor3DReconstructionImageFilter,itkImageToImageFilter
itkPolylineMaskImageFilter,itkRigid3DPerspectiveTransform
itkPolylineMaskImageFilter,itkNearestNeighborInterpolateImageFunction
itkPolylineMaskImageFilter,itkResampleImageFilter
itkPolylineMaskImageFilter,itkPathIterator
itkPolylineMaskImageFilter,itkImageToImageFilter
itkPolylineMask2DImageFilter,itkImageToImageFilter
itkPolylineMask2DImageFilter,itkPathIterator
itkHoughTransform2DCirclesImageFilter,itkImageToImageFilter
itkHoughTransform2DCirclesImageFilter,itkEllipseSpatialObject
itkHoughTransform2DCirclesImageFilter,itkDiscreteGaussianImageFilter
itkHoughTransform2DCirclesImageFilter,itkGaussianDerivativeImageFunction
itkNarrowBandImageFilterBase,itkShiftScaleImageFilter
itkNarrowBandImageFilterBase,itkFiniteDifferenceImageFilter
itkBilateralImageFilter,itkImageToImageFilter
itkBilateralImageFilter,itkGaussianImageSource
itkBilateralImageFilter,itkStatisticsImageFilter
itkTobogganImageFilter,itkImageToImageFilter
itkLaplacianSharpeningImageFilter,itkNeighborhoodOperatorImageFilter
itkLaplacianSharpeningImageFilter,itkImageToImageFilter
itkBinomialBlurImageFilter,itkImageFunction
itkBinomialBlurImageFilter,itkImageToImageFilter
itkScalarToArrayCastImageFilter,itkImageToImageFilter
itkTransformMeshFilter,itkTransform
itkSimilarityIndexImageFilter,itkImageToImageFilter
itkPermuteAxesImageFilter,itkImageToImageFilter
itkLaplacianRecursiveGaussianImageFilter,itkCastImageFilter
itkDeformationFieldSource,itkKernelTransform
itkDeformationFieldSource,itkThinPlateSplineKernelTransform
itkNormalizedCorrelationImageFilter,itkNeighborhoodOperatorImageFilter
itkSmoothingRecursiveGaussianImageFilter,itkRecursiveGaussianImageFilter
itkSmoothingRecursiveGaussianImageFilter,itkCastImageFilter
itkJoinSeriesImageFilter,itkImageToImageFilter
itkDisplacementFieldJacobianDeterminantFilter,itkVectorCastImageFilter
itkDisplacementFieldJacobianDeterminantFilter,itkImageToImageFilter
itkPointSetToPointSetMetric,itkTransform
itkPointSetToPointSetMetric,itkMultipleValuedCostFunction
itkPointSetToPointSetMetric,itkGradientRecursiveGaussianImageFilter
itkPointSetToPointSetRegistrationMethod,itkMultipleValuedNonLinearOptimizer
itkScalarImageKmeansImageFilter,itkKdTree
itkScalarImageKmeansImageFilter,itkKdTreeBasedKmeansEstimator
itkScalarImageKmeansImageFilter,itkWeightedCentroidKdTreeGenerator
itkScalarImageKmeansImageFilter,itkSampleClassifierFilter
itkScalarImageKmeansImageFilter,itkImageToListSampleAdaptor
itkScalarImageKmeansImageFilter,itkMinimumDecisionRule2
itkScalarImageKmeansImageFilter,itkRegionOfInterestImageFilter
itkScalarImageKmeansImageFilter,itkDistanceToCentroidMembershipFunction
itkImageShapeModelEstimatorBase,itkImageToImageFilter
itkPointSetToSpatialObjectDemonsRegistration,itkSingleValuedNonLinearOptimizer
itkImageToSpatialObjectMetric,itkSingleValuedCostFunction
itkImageToSpatialObjectMetric,itkLinearInterpolateImageFunction
itkPointSetToImageMetric,itkTransform
itkPointSetToImageMetric,itkInterpolateImageFunction
itkPointSetToImageMetric,itkSingleValuedCostFunction
itkPointSetToImageMetric,itkGradientRecursiveGaussianImageFilter
itkIsoContourDistanceImageFilter,itkImageToImageFilter
itkIsoContourDistanceImageFilter,itkNarrowBand
itkSTAPLEImageFilter,itkImageToImageFilter
itkFastChamferDistanceImageFilter,itkImageToImageFilter
itkFastChamferDistanceImageFilter,itkNarrowBand
itkShapePriorMAPCostFunctionBase,itkSingleValuedCostFunction
itkShapePriorMAPCostFunctionBase,itkShapeSignedDistanceFunction
itkImageToSpatialObjectRegistrationMethod,itkSingleValuedNonLinearOptimizer
itkSimpleMultiResolutionImageRegistrationUI,itkGradientDescentOptimizer
